mean_fit_time,std_fit_time,mean_score_time,std_score_time,params,mean_test_score,std_test_score,rank_test_score,Model Type,Training Data
5.925852870941162,0.2016264617830286,0.0940010070800781,0.0080979598032393,"{'max_depth': 25, 'max_features': 10, 'n_estimators': 250}",9.215635411899417,0.8417795552579794,1,Random Forest,Full Dataset
2.419739580154419,0.0836920749994233,0.0405985355377197,0.0033221856016217,"{'max_depth': 25, 'max_features': 10, 'n_estimators': 100}",9.228283760883263,0.8143676764288119,2,Random Forest,Full Dataset
4.278360986709595,0.1715406102454139,0.0738019466400146,0.0043996027159419,"{'max_depth': 10, 'max_features': 10, 'n_estimators': 250}",9.228702420209274,0.8619600648270718,3,Random Forest,Full Dataset
8.772930145263672,0.3394378739087141,0.0688391208648681,0.0032785240458657,"{'max_depth': 25, 'max_features': 20, 'n_estimators': 250}",9.246511849597574,0.8847996914407141,4,Random Forest,Full Dataset
4.244266128540039,0.1236002051497378,0.0394005298614501,0.0028709073561136,"{'max_depth': 25, 'max_features': 20, 'n_estimators': 100}",9.247335097485337,0.8918590668313864,5,Random Forest,Full Dataset
1.7621399879455566,0.1112854836911537,0.0320014953613281,0.001096674026444,"{'max_depth': 10, 'max_features': 10, 'n_estimators': 100}",9.253899695521463,0.8230204873071948,6,Random Forest,Full Dataset
3.600090503692627,0.1121287124635924,0.0922003746032714,0.00213506923879,"{'max_depth': 25, 'max_features': 5, 'n_estimators': 250}",9.27021891366863,0.8780758363867892,7,Random Forest,Full Dataset
7.830069446563721,0.2301780692769702,0.0735993862152099,0.0035550013937109,"{'max_depth': 10, 'max_features': 20, 'n_estimators': 250}",9.27264757851736,0.8918082813889479,8,Random Forest,Full Dataset
1.6012666702270508,0.2444910085201626,1.5136003494262695,1.6007522370229432,"{'C': 10, 'gamma': 'auto', 'kernel': 'rbf'}",9.274834451997489,0.9736026303091294,1,SVM,Full Dataset
1.447556447982788,0.1127427743150575,0.6542614459991455,0.054842404063366,"{'C': 10, 'gamma': 'scale', 'kernel': 'rbf'}",9.280997613067036,0.9687305191096148,2,SVM,Full Dataset
1.444416046142578,0.0468063076937028,0.0418039321899414,0.0025623165444339,"{'max_depth': 25, 'max_features': 5, 'n_estimators': 100}",9.2891903423337,0.8670812821283537,9,Random Forest,Full Dataset
3.062147092819214,0.1233753789860514,0.0314012050628662,0.0019604704540886,"{'max_depth': 10, 'max_features': 20, 'n_estimators': 100}",9.292333110503172,0.8543780306478757,10,Random Forest,Full Dataset
1.0124825954437255,0.0206633635994563,0.0413994789123535,0.013632904757943,"{'max_depth': 10, 'max_features': 5, 'n_estimators': 100}",9.343089860849002,0.8599917144429811,11,Random Forest,Full Dataset
2.7025146007537844,0.1432656167071195,0.0801977157592773,0.0082298468808885,"{'max_depth': 10, 'max_features': 5, 'n_estimators': 250}",9.345468736885817,0.8861831808094366,12,Random Forest,Full Dataset
0.0071994304656982,0.0007491376515207,0.2617976665496826,0.0244547226579694,"{'n_neighbors': 20, 'p': 1, 'weights': 'distance'}",9.778597953577728,0.9184399834761569,1,Random Forest,Full Dataset
0.006603193283081,0.0013535237331614,0.1237963199615478,0.0148957596728569,"{'n_neighbors': 20, 'p': 2, 'weights': 'distance'}",9.795674245158866,0.9102102928230508,2,Random Forest,Full Dataset
3.813255548477173,0.3774493893102175,0.6848568916320801,0.0777616205712065,"{'C': 100, 'gamma': 'auto', 'kernel': 'rbf'}",9.806763325152946,0.7910819548173154,3,SVM,Full Dataset
0.0060072898864746,0.0006325641224965,0.2531980037689209,0.0216458560997268,"{'n_neighbors': 10, 'p': 1, 'weights': 'distance'}",9.808240535551873,0.8479306851788103,3,Random Forest,Full Dataset
0.0080002784729003,0.0023646892113413,0.1402055263519287,0.0271086423439832,"{'n_neighbors': 10, 'p': 2, 'weights': 'distance'}",9.815329854372347,0.8554369011319659,4,Random Forest,Full Dataset
0.0062023162841796,0.0004021251920273,0.2614003658294678,0.0178057176706639,"{'n_neighbors': 20, 'p': 1, 'weights': 'uniform'}",9.82055629061171,0.9215670034647374,5,Random Forest,Full Dataset
0.1019442081451416,0.047545774163264,0.0039408206939697,0.0009900857913142,{'alpha': 0.01},9.83805858732572,0.8800007973146086,1,Lasso Regression,Full Dataset
0.1019442081451416,0.047545774163264,0.0039408206939697,0.0009900857913142,{'alpha': 0.01},9.83805858732572,0.8800007973146086,1,Lasso Regression,Full Dataset
0.0092002868652343,0.0014689060829132,0.0064009189605712,0.0022463935905478,{'alpha': 0.1},9.838779342051309,0.8819722103185502,1,Ridge Regression,Full Dataset
0.0065998554229736,0.0012015001230983,0.0029984951019287,0.0006338495491038,{'alpha': 10},9.838784368107833,0.8802218186166215,2,Ridge Regression,Full Dataset
0.0084011077880859,0.0013566405101384,0.0035972118377685,0.0004914110198418,{'alpha': 1},9.838962914333456,0.8815214250169433,3,Ridge Regression,Full Dataset
0.0813391685485839,0.0522049955134875,0.0056021213531494,0.0037199880249897,{'alpha': 0.001},9.839189715909622,0.8812311551047797,2,Lasso Regression,Full Dataset
0.0813391685485839,0.0522049955134875,0.0056021213531494,0.0037199880249897,{'alpha': 0.001},9.839189715909622,0.8812311551047797,2,Lasso Regression,Full Dataset
0.0067943572998046,0.0003986439806737,0.1278027057647705,0.0067612998438955,"{'n_neighbors': 20, 'p': 2, 'weights': 'uniform'}",9.843965642807344,0.910547636318465,6,Random Forest,Full Dataset
0.0064006805419921,0.0004890287998682,0.2476118087768554,0.0157075903953381,"{'n_neighbors': 10, 'p': 1, 'weights': 'uniform'}",9.846290786460797,0.8462469725791677,7,Random Forest,Full Dataset
0.0149989604949951,0.0052552227346144,0.0094000816345214,0.0104804976827635,{'alpha': 0.01},9.855924391142995,0.8665728319203464,4,Ridge Regression,Full Dataset
0.0058013916015625,0.0003994554952612,0.1317996025085449,0.0156396408552123,"{'n_neighbors': 10, 'p': 2, 'weights': 'uniform'}",9.863840592963223,0.8487032350220889,8,Random Forest,Full Dataset
3.523784875869751,0.2644067403148104,2.0196369171142576,1.705221218093605,"{'C': 100, 'gamma': 'scale', 'kernel': 'rbf'}",9.863903415465716,0.7751715487129552,4,SVM,Full Dataset
0.0302030086517334,0.003869412452016,0.0094020843505859,0.0084544375339756,{'alpha': 0.001},9.879999029970614,0.8467806636876658,5,Ridge Regression,Full Dataset
0.1065668582916259,0.0453141685209843,0.0037993431091308,0.0007485588242173,{'alpha': 0.1},9.901086610071651,0.8841245382370659,3,Lasso Regression,Full Dataset
0.1065668582916259,0.0453141685209843,0.0037993431091308,0.0007485588242173,{'alpha': 0.1},9.901086610071651,0.8841245382370659,3,Lasso Regression,Full Dataset
0.0082015037536621,0.0019353069455077,0.2615971088409424,0.0355390324691532,"{'n_neighbors': 50, 'p': 1, 'weights': 'distance'}",9.922455775803265,0.9791279554009484,9,Random Forest,Full Dataset
0.0095982074737548,0.003382923967515,0.1467971324920654,0.0230949702432334,"{'n_neighbors': 50, 'p': 2, 'weights': 'distance'}",9.92335381430183,0.9859076826358688,10,Random Forest,Full Dataset
22.157682180404663,1.4804558568970518,0.199401044845581,0.0099939644355594,"{'C': 100, 'degree': 2, 'kernel': 'linear'}",9.94119660902748,0.9158683415709452,5,SVM,Full Dataset
22.95591516494751,2.7678269196526983,0.2173792362213134,0.0160515253178912,"{'C': 100, 'degree': 3, 'kernel': 'linear'}",9.94119660902748,0.9158683415709452,5,SVM,Full Dataset
22.722541189193727,1.3377467023600491,0.2377846240997314,0.0577322281754653,"{'C': 100, 'degree': 4, 'kernel': 'linear'}",9.94119660902748,0.9158683415709452,5,SVM,Full Dataset
3.470188093185425,0.3728748565348315,0.2203031063079834,0.0337799011288517,"{'C': 10, 'degree': 4, 'kernel': 'linear'}",9.94477524833224,0.9163586850865536,8,SVM,Full Dataset
3.48553671836853,0.2436165556844482,0.2034007549285888,0.0146763203749278,"{'C': 10, 'degree': 3, 'kernel': 'linear'}",9.94477524833224,0.9163586850865536,8,SVM,Full Dataset
3.3408717632293703,0.2768328493946977,0.1994996547698974,0.0148587955093447,"{'C': 10, 'degree': 2, 'kernel': 'linear'}",9.94477524833224,0.9163586850865536,8,SVM,Full Dataset
1.372116756439209,0.1704731892679566,0.2071247577667236,0.0140854717717411,"{'C': 1, 'degree': 4, 'kernel': 'linear'}",9.944986359904126,0.9163854974996654,11,SVM,Full Dataset
1.3790957927703855,0.1502996771029947,0.2132747173309326,0.0239445894998873,"{'C': 1, 'degree': 2, 'kernel': 'linear'}",9.944986359904126,0.9163854974996654,11,SVM,Full Dataset
1.2899731636047362,0.0729282462315416,0.2130034446716308,0.0167467143166013,"{'C': 1, 'degree': 3, 'kernel': 'linear'}",9.944986359904126,0.9163854974996654,11,SVM,Full Dataset
184.90555000305176,6.208419296279887,0.2030012607574463,0.0244135684530554,"{'C': 1000, 'degree': 4, 'kernel': 'linear'}",9.952475888458176,0.9068202609976078,14,SVM,Full Dataset
188.8038769245148,5.446118767506097,0.2067999839782714,0.0157515864588212,"{'C': 1000, 'degree': 3, 'kernel': 'linear'}",9.952475888458176,0.9068202609976078,14,SVM,Full Dataset
186.11862659454343,6.949412622124558,0.209028959274292,0.0177082711603518,"{'C': 1000, 'degree': 2, 'kernel': 'linear'}",9.952475888458176,0.9068202609976078,14,SVM,Full Dataset
0.0104089736938476,0.0030043441658632,0.2751899719238281,0.0491446952127247,"{'n_neighbors': 50, 'p': 1, 'weights': 'uniform'}",9.97220378707458,0.9848006778357266,11,Random Forest,Full Dataset
0.01020188331604,0.0065554928568334,0.1396040439605713,0.0112033474775138,"{'n_neighbors': 50, 'p': 2, 'weights': 'uniform'}",9.973903091025752,0.9913224341712236,12,Random Forest,Full Dataset
1.0496054649353028,0.0603619539054829,0.2094019889831543,0.0083035582148458,"{'C': 0.1, 'degree': 2, 'kernel': 'linear'}",9.976369824700557,0.9222866718754694,17,SVM,Full Dataset
1.0754014015197757,0.0994908370715049,0.2050004482269287,0.0088796404239741,"{'C': 0.1, 'degree': 4, 'kernel': 'linear'}",9.976369824700557,0.9222866718754694,17,SVM,Full Dataset
1.0048073768615722,0.0479412521410381,0.2063997268676757,0.0253608254004042,"{'C': 0.1, 'degree': 3, 'kernel': 'linear'}",9.976369824700557,0.9222866718754694,17,SVM,Full Dataset
1.3301286220550537,0.1410153353577369,2.3436304569244384,2.0738393404774755,"{'C': 1, 'gamma': 'auto', 'kernel': 'rbf'}",10.011685005515623,1.1414156109491838,20,SVM,Full Dataset
0.0079987525939941,0.0006339409942485,0.1395965099334716,0.0246117325577971,"{'n_neighbors': 5, 'p': 2, 'weights': 'distance'}",10.053590639606853,0.8004066231146705,13,Random Forest,Full Dataset
1.302814531326294,0.1727923945701812,0.6505198955535889,0.0814463923390328,"{'C': 1, 'gamma': 'scale', 'kernel': 'rbf'}",10.061329255106063,1.1516030567234232,21,SVM,Full Dataset
0.0059991836547851,0.0010980254802614,0.153400182723999,0.034282533502942,"{'n_neighbors': 5, 'p': 2, 'weights': 'uniform'}",10.089406371739589,0.794476143730779,14,Random Forest,Full Dataset
0.972798490524292,0.0282081041812072,0.1956013202667236,0.0064680194050353,"{'C': 0.01, 'degree': 4, 'kernel': 'linear'}",10.176652493443534,0.9644635722343532,22,SVM,Full Dataset
1.0574846744537354,0.0539355919375087,0.209598159790039,0.0114636067394299,"{'C': 0.01, 'degree': 3, 'kernel': 'linear'}",10.176652493443534,0.9644635722343532,22,SVM,Full Dataset
0.9554897308349608,0.0240864353488472,0.1957998275756836,0.005706007412616,"{'C': 0.01, 'degree': 2, 'kernel': 'linear'}",10.176652493443534,0.9644635722343532,22,SVM,Full Dataset
0.0057989597320556,0.0004046832880814,0.2802024841308593,0.0291447295919408,"{'n_neighbors': 5, 'p': 1, 'weights': 'distance'}",10.192556953485015,0.8232332966112016,15,Random Forest,Full Dataset
0.005600881576538,0.00079969218666,0.2714041233062744,0.0419009147259806,"{'n_neighbors': 5, 'p': 1, 'weights': 'uniform'}",10.222402605339685,0.8215169311980517,16,Random Forest,Full Dataset
0.0390445709228515,0.0250571632512183,0.0033421993255615,0.0007614496467164,{'alpha': 1},10.310670224750258,1.0000100190923658,4,Lasso Regression,Full Dataset
0.0390445709228515,0.0250571632512183,0.0033421993255615,0.0007614496467164,{'alpha': 1},10.310670224750258,1.0000100190923658,4,Lasso Regression,Full Dataset
1.4142511367797852,0.2065684677436529,0.2867993354797363,0.0408627557768202,"{'C': 0.1, 'gamma': 'auto', 'kernel': 'sigmoid'}",10.76313991667922,1.0706818608521809,25,SVM,Full Dataset
1.363050937652588,0.0786741609266695,0.3318382740020752,0.0624769704158177,"{'C': 0.1, 'gamma': 'scale', 'kernel': 'sigmoid'}",10.809509419730023,1.0764706623562874,26,SVM,Full Dataset
1.9348191261291503,0.2558870011036664,0.2267708778381347,0.026970469631775,"{'C': 10, 'gamma': 'auto', 'kernel': 'poly'}",10.874320950778491,1.2168505467999688,27,SVM,Full Dataset
1.39316987991333,0.1782541057257123,0.6237053871154785,0.0521796609233947,"{'C': 10, 'gamma': 'auto', 'kernel': 'rbf'}",10.92078997419849,0.8805935652346376,1,Random Forest,Subset Dataset
1.386213779449463,0.1244669161214775,0.6283231735229492,0.0499043557369075,"{'C': 10, 'gamma': 'scale', 'kernel': 'rbf'}",10.92100815285026,0.8818002856372131,2,Random Forest,Subset Dataset
1.239442729949951,0.1637553686967829,0.2260000228881836,0.0315716033115704,"{'C': 1, 'gamma': 'scale', 'kernel': 'poly'}",10.990914987107974,1.2054855817502246,28,SVM,Full Dataset
1.1762171268463135,0.1163091815084594,0.2268002033233642,0.0214498341253586,"{'C': 1, 'gamma': 'auto', 'kernel': 'poly'}",11.021302311411793,1.1993240701705024,29,SVM,Full Dataset
0.0111984729766845,0.0019402612096166,0.0528008460998535,0.0063077474733914,"{'n_neighbors': 50, 'p': 1, 'weights': 'uniform'}",11.033530316900835,0.8717532842777225,1,Random Forest,Subset Dataset
2.270447206497193,0.3766931208272966,0.2557687759399414,0.0490488268331086,"{'C': 10, 'gamma': 'scale', 'kernel': 'poly'}",11.043040645759763,1.3297339388153382,30,SVM,Full Dataset
0.0127995491027832,0.0024003827879221,0.061800193786621,0.0193638363341734,"{'n_neighbors': 50, 'p': 2, 'weights': 'uniform'}",11.064991708771046,0.891227484409964,2,Random Forest,Subset Dataset
0.0101993083953857,0.00040042588809,0.0604042053222656,0.0095617885980702,"{'n_neighbors': 50, 'p': 1, 'weights': 'distance'}",11.082264406205113,0.9196533255085978,3,Random Forest,Subset Dataset
0.0129973888397216,0.0030338593034692,0.0437980651855468,0.0064298505462721,"{'n_neighbors': 20, 'p': 1, 'weights': 'uniform'}",11.089351978567732,0.8631551427305081,4,Random Forest,Subset Dataset
0.0103971004486083,0.0012019004743623,0.0470005512237548,0.0055486337585391,"{'n_neighbors': 50, 'p': 2, 'weights': 'distance'}",11.105131945344995,0.931671866446907,5,Random Forest,Subset Dataset
1.2019309520721435,0.068849283398505,0.6028039932250977,0.0413316419173042,"{'C': 1, 'gamma': 'scale', 'kernel': 'rbf'}",11.126429990325994,0.9161796007764677,3,Random Forest,Subset Dataset
1.1985839366912845,0.0895750725762339,0.6050696849822998,0.0570182049614502,"{'C': 1, 'gamma': 'auto', 'kernel': 'rbf'}",11.126517822439782,0.9161413485752188,4,Random Forest,Subset Dataset
1.7857187271118165,0.0900470732530039,0.6981176853179931,0.0824531696242705,"{'C': 100, 'gamma': 'scale', 'kernel': 'rbf'}",11.134003794507295,0.8772648066938634,5,Random Forest,Subset Dataset
1.6536432266235352,0.0970794874984676,0.5822108268737793,0.0218641964672767,"{'C': 100, 'gamma': 'auto', 'kernel': 'rbf'}",11.134108132253022,0.874774113612898,6,Random Forest,Subset Dataset
0.0138018608093261,0.0020400234104036,0.0381982326507568,0.0085200216023446,"{'n_neighbors': 20, 'p': 2, 'weights': 'uniform'}",11.134222334252888,0.8086343031818746,6,Random Forest,Subset Dataset
0.0107964038848876,0.0011663609766205,0.0350013256072998,0.0006315124174388,"{'n_neighbors': 20, 'p': 1, 'weights': 'distance'}",11.15922821510438,0.913502459789469,7,Random Forest,Subset Dataset
0.0131987571716308,0.0059101672637791,0.0301994800567626,0.0056014005289645,"{'n_neighbors': 20, 'p': 2, 'weights': 'distance'}",11.19531184649714,0.8595938804902635,8,Random Forest,Subset Dataset
0.0131967544555664,0.0027864449151005,0.0268023490905761,0.0042605092512364,"{'n_neighbors': 10, 'p': 2, 'weights': 'uniform'}",11.342968238697429,0.8717624805202576,9,Random Forest,Subset Dataset
0.990614891052246,0.0453513519460213,0.20240159034729,0.0116937170582453,"{'C': 0.001, 'degree': 4, 'kernel': 'linear'}",11.384628521568636,1.3164217934633675,31,SVM,Full Dataset
0.948798894882202,0.0215157697826188,0.1954042911529541,0.0083587964464975,"{'C': 0.001, 'degree': 2, 'kernel': 'linear'}",11.384628521568636,1.3164217934633675,31,SVM,Full Dataset
1.0051984786987305,0.0989598663490191,0.2076008796691894,0.0138950518494751,"{'C': 0.001, 'degree': 3, 'kernel': 'linear'}",11.384628521568636,1.3164217934633675,31,SVM,Full Dataset
0.0131997108459472,0.0023148194222389,0.0341985702514648,0.005453502209601,"{'n_neighbors': 10, 'p': 1, 'weights': 'uniform'}",11.385437071877975,0.8806502365505231,10,Random Forest,Subset Dataset
0.0116000652313232,0.0022436604338579,0.0246006488800048,0.0028733308721411,"{'n_neighbors': 10, 'p': 2, 'weights': 'distance'}",11.406287377466414,0.9065326199931752,11,Random Forest,Subset Dataset
0.0109984397888183,0.000630753884516,0.034400463104248,0.0067100817266047,"{'n_neighbors': 10, 'p': 1, 'weights': 'distance'}",11.45762444934882,0.9178566516885284,12,Random Forest,Subset Dataset
0.0475976943969726,0.0018541681862616,0.0032080173492431,0.0003993034362792,{'fit_intercept': True},11.563968509155345,0.7910936410419878,1,Linear Regression,Subset Dataset
1.0833796977996826,0.1344001850555889,0.1825995445251464,0.0161301577510645,"{'C': 0.1, 'degree': 2, 'kernel': 'linear'}",11.570559547344953,0.8261482987455956,7,Random Forest,Subset Dataset
0.9884827136993408,0.111662746013989,0.1731673240661621,0.0119272135472709,"{'C': 0.1, 'degree': 3, 'kernel': 'linear'}",11.570559547344953,0.8261482987455956,7,Random Forest,Subset Dataset
0.9013903141021729,0.0251688387973149,0.1706207752227783,0.010464147588734,"{'C': 0.1, 'degree': 4, 'kernel': 'linear'}",11.570559547344953,0.8261482987455956,7,Random Forest,Subset Dataset
1.0268489837646484,0.1185156224875754,0.184576940536499,0.0223451862998266,"{'C': 1, 'degree': 4, 'kernel': 'linear'}",11.59070332189862,0.7901964799727643,10,Random Forest,Subset Dataset
1.0918306827545166,0.1050828573173527,0.1897252559661865,0.0202740082285659,"{'C': 1, 'degree': 2, 'kernel': 'linear'}",11.59070332189862,0.7901964799727643,10,Random Forest,Subset Dataset
1.0231471061706543,0.0414249262114027,0.1750029563903808,0.0113075670866817,"{'C': 1, 'degree': 3, 'kernel': 'linear'}",11.59070332189862,0.7901964799727643,10,Random Forest,Subset Dataset
1.7401657104492188,0.3275708840341194,0.2212001800537109,0.0386443237209099,"{'C': 10, 'degree': 2, 'kernel': 'linear'}",11.590816551152034,0.7881131943490859,13,Random Forest,Subset Dataset
1.4771105766296386,0.2087121000187207,0.1882500171661377,0.0289495509447687,"{'C': 10, 'degree': 4, 'kernel': 'linear'}",11.590816551152034,0.7881131943490859,13,Random Forest,Subset Dataset
1.405214214324951,0.0457075457197353,0.171199893951416,0.0100503387869735,"{'C': 10, 'degree': 3, 'kernel': 'linear'}",11.590816551152034,0.7881131943490859,13,Random Forest,Subset Dataset
31.241656732559203,1.644218712209206,0.1976701736450195,0.0232984897972025,"{'C': 1000, 'degree': 3, 'kernel': 'linear'}",11.59082372980297,0.7880514917214853,16,Random Forest,Subset Dataset
30.256249713897702,1.0853107915582263,0.1911971569061279,0.0187110866629017,"{'C': 1000, 'degree': 4, 'kernel': 'linear'}",11.59082372980297,0.7880514917214853,16,Random Forest,Subset Dataset
30.36888875961304,1.195792666431209,0.1848478317260742,0.0168967056651093,"{'C': 1000, 'degree': 2, 'kernel': 'linear'}",11.59082372980297,0.7880514917214853,16,Random Forest,Subset Dataset
5.397382736206055,0.4262368410338003,0.2021993160247802,0.0640794828972116,"{'C': 100, 'degree': 4, 'kernel': 'linear'}",11.591082856657,0.7878787996841898,19,Random Forest,Subset Dataset
5.018998146057129,0.5074029511353807,0.1875072956085205,0.0192379253248847,"{'C': 100, 'degree': 3, 'kernel': 'linear'}",11.591082856657,0.7878787996841898,19,Random Forest,Subset Dataset
5.27791166305542,0.3427856781312747,0.1874000549316406,0.0116382000826452,"{'C': 100, 'degree': 2, 'kernel': 'linear'}",11.591082856657,0.7878787996841898,19,Random Forest,Subset Dataset
0.9105662822723388,0.0322165518702764,0.183000373840332,0.0138996175450973,"{'C': 0.01, 'degree': 4, 'kernel': 'linear'}",11.620147470370284,1.0106893893260485,22,Random Forest,Subset Dataset
0.8888272285461426,0.0267004134760787,0.1770037651062011,0.0187090312111073,"{'C': 0.01, 'degree': 2, 'kernel': 'linear'}",11.620147470370284,1.0106893893260485,22,Random Forest,Subset Dataset
1.0020970344543456,0.1265455981337234,0.1999804019927978,0.0334359142570929,"{'C': 0.01, 'degree': 3, 'kernel': 'linear'}",11.620147470370284,1.0106893893260485,22,Random Forest,Subset Dataset
8.404774904251099,1.1910187748565526,0.672435712814331,0.0816756902298668,"{'C': 1000, 'gamma': 'scale', 'kernel': 'rbf'}",11.621216564918743,0.7916109101443637,25,Random Forest,Subset Dataset
7.153473281860352,1.2162067647313997,0.6187808990478516,0.0950150129796812,"{'C': 1000, 'gamma': 'auto', 'kernel': 'rbf'}",11.62193889092618,0.7856049929920469,26,Random Forest,Subset Dataset
0.0138102054595947,0.0030440750997279,0.0217885017395019,0.0024120247620305,"{'n_neighbors': 5, 'p': 2, 'weights': 'uniform'}",11.746059577576338,0.7803075292288156,13,Random Forest,Subset Dataset
0.0137971401214599,0.0026403281941986,0.0320030689239502,0.0040035252874382,"{'n_neighbors': 5, 'p': 1, 'weights': 'uniform'}",11.82757160865591,0.7888120722382654,14,Random Forest,Subset Dataset
0.0143982410430908,0.0043162332537442,0.0268013477325439,0.0009813229706041,"{'n_neighbors': 5, 'p': 2, 'weights': 'distance'}",11.86181103571599,0.8153212281832376,15,Random Forest,Subset Dataset
22.962577056884765,1.8513666120305543,0.6441072940826416,0.0501692308894979,"{'C': 1000, 'gamma': 'auto', 'kernel': 'rbf'}",11.87316622400242,0.6028491851695315,34,SVM,Full Dataset
1.0253317832946778,0.0359052669438572,0.2002022266387939,0.0066747713215011,"{'C': 0.1, 'gamma': 'scale', 'kernel': 'poly'}",11.880712268986358,1.219239960468154,35,SVM,Full Dataset
0.0145978927612304,0.0028711180484516,0.0430002689361572,0.0093991346874592,"{'n_neighbors': 5, 'p': 1, 'weights': 'distance'}",11.931079805425188,0.8304320079533919,16,Random Forest,Subset Dataset
24.08203401565552,2.4183247538493253,1.262736988067627,1.3362435341103744,"{'C': 1000, 'gamma': 'scale', 'kernel': 'rbf'}",11.981109459323696,0.6052610460065093,36,SVM,Full Dataset
1.0946380615234377,0.0722590328115767,0.2054724693298339,0.0104479237031347,"{'C': 0.1, 'gamma': 'auto', 'kernel': 'poly'}",12.05225312759588,1.2579478442103065,37,SVM,Full Dataset
1.0400004863739014,0.0689020894369612,0.1668613910675049,0.0022512184938914,"{'C': 1, 'gamma': 'scale', 'kernel': 'poly'}",12.156561540679164,0.956714612889661,27,Random Forest,Subset Dataset
1.0737126350402832,0.0755370708459585,0.1749999523162841,0.0160144256597806,"{'C': 1, 'gamma': 'auto', 'kernel': 'poly'}",12.158736414061618,0.9579163854481532,28,Random Forest,Subset Dataset
1.4007206439971924,0.1825888899756366,1.5351789474487303,1.62226134870181,"{'C': 0.1, 'gamma': 'auto', 'kernel': 'rbf'}",12.17166401281018,1.6173796952621324,38,SVM,Full Dataset
1.8777144432067872,0.1372002202104491,0.1922006607055664,0.0168462969797958,"{'C': 10, 'gamma': 'auto', 'kernel': 'poly'}",12.21495937006631,0.8546777072950118,29,Random Forest,Subset Dataset
1.8373384475708008,0.1866867407595623,0.180307388305664,0.0225854327425875,"{'C': 10, 'gamma': 'scale', 'kernel': 'poly'}",12.215536572111892,0.8565881450023569,30,Random Forest,Subset Dataset
1.2083279609680175,0.0389752306515154,1.3098677158355714,1.3316481239014677,"{'C': 0.1, 'gamma': 'scale', 'kernel': 'rbf'}",12.267959194864138,1.656250057217768,39,SVM,Full Dataset
7.289925336837768,0.7559584871874678,0.186029052734375,0.0279018549903084,"{'C': 100, 'gamma': 'scale', 'kernel': 'poly'}",12.308065588551024,0.7989174542441367,31,Random Forest,Subset Dataset
8.099900770187379,1.7309729702500447,0.2070996761322021,0.0188372957819173,"{'C': 100, 'gamma': 'auto', 'kernel': 'poly'}",12.308940299713113,0.7998700722125739,32,Random Forest,Subset Dataset
1.201078987121582,0.0857570423963025,0.5816728591918945,0.0523486579265362,"{'C': 0.1, 'gamma': 'auto', 'kernel': 'rbf'}",12.315000007720167,1.4421237948781382,33,Random Forest,Subset Dataset
1.2015992164611815,0.0820673584641381,0.6556543827056884,0.0836270240449509,"{'C': 0.1, 'gamma': 'scale', 'kernel': 'rbf'}",12.31551249567944,1.4444860645556494,34,Random Forest,Subset Dataset
69.6261079788208,16.84173094319867,0.1345242977142334,0.023472495859739,"{'C': 1000, 'gamma': 'auto', 'kernel': 'poly'}",12.339615146415891,0.7914237469578459,35,Random Forest,Subset Dataset
65.38887100219726,11.948354563384994,0.1439211368560791,0.0256338608899109,"{'C': 1000, 'gamma': 'scale', 'kernel': 'poly'}",12.342143932420356,0.7916544753844199,36,Random Forest,Subset Dataset
0.9819324016571044,0.0765898670690477,0.1782004833221435,0.01898824615353,"{'C': 0.1, 'gamma': 'scale', 'kernel': 'poly'}",12.760919320629377,1.0187993097086725,37,Random Forest,Subset Dataset
1.0529277801513672,0.1007140664258484,0.179961347579956,0.0219850289702029,"{'C': 0.1, 'gamma': 'auto', 'kernel': 'poly'}",12.761138523450809,1.0244730030396167,38,Random Forest,Subset Dataset
1.2356155872344972,0.0944726808852666,0.2441991329193115,0.0138618874781536,"{'C': 0.1, 'gamma': 'auto', 'kernel': 'sigmoid'}",12.884467274919512,1.066052213743719,39,Random Forest,Subset Dataset
1.2720263957977296,0.0815191587178497,0.2579610347747803,0.0362642862680472,"{'C': 0.1, 'gamma': 'scale', 'kernel': 'sigmoid'}",12.893489968948565,1.0996691328855246,40,Random Forest,Subset Dataset
1.2361941814422608,0.0764041457560022,0.246467113494873,0.0173420165177397,"{'C': 0.01, 'gamma': 'scale', 'kernel': 'sigmoid'}",12.97791425923568,1.648623071413545,41,Random Forest,Subset Dataset
1.2837868690490724,0.0920397355156402,0.2462411880493164,0.0111398644021136,"{'C': 0.01, 'gamma': 'auto', 'kernel': 'sigmoid'}",12.97880374895932,1.6509927004159577,42,Random Forest,Subset Dataset
0.9607852935791016,0.0818875765568305,0.1907997608184814,0.0274085234107217,"{'C': 0.001, 'degree': 2, 'kernel': 'linear'}",13.00396661553275,1.6417771097658,43,Random Forest,Subset Dataset
0.9674489974975586,0.0943499978165099,0.1848006248474121,0.0213856595556975,"{'C': 0.001, 'degree': 4, 'kernel': 'linear'}",13.00396661553275,1.6417771097658,43,Random Forest,Subset Dataset
0.8607822895050049,0.020835207717497,0.1646022796630859,0.0113629904344938,"{'C': 0.001, 'degree': 3, 'kernel': 'linear'}",13.00396661553275,1.6417771097658,43,Random Forest,Subset Dataset
1.3080119609832763,0.0725106972815691,0.263410758972168,0.0119316691933953,"{'C': 0.01, 'gamma': 'scale', 'kernel': 'sigmoid'}",13.045481911459708,1.6726370362589458,40,SVM,Full Dataset
10.915378904342653,1.717628211271947,0.2057423114776611,0.0155159133364621,"{'C': 100, 'gamma': 'auto', 'kernel': 'poly'}",13.067838634524737,2.0890290017777806,41,SVM,Full Dataset
1.290149736404419,0.0578717044250357,0.2599886894226074,0.0072793347883251,"{'C': 0.01, 'gamma': 'auto', 'kernel': 'sigmoid'}",13.135012604502656,1.7023976137905368,42,SVM,Full Dataset
0.9867084503173827,0.038541089029674,0.2009981155395507,0.0083438576136548,"{'C': 0.01, 'gamma': 'scale', 'kernel': 'poly'}",13.531391484713618,1.4917549756076445,43,SVM,Full Dataset
0.930598783493042,0.0658609183094463,0.1691578865051269,0.0070723384812706,"{'C': 0.01, 'gamma': 'scale', 'kernel': 'poly'}",13.557308963497285,1.368957171234113,46,Random Forest,Subset Dataset
0.9396634578704834,0.0508120051008263,0.1705110549926757,0.0112386878391251,"{'C': 0.01, 'gamma': 'auto', 'kernel': 'poly'}",13.559838617125388,1.374091362812831,47,Random Forest,Subset Dataset
13.68349323272705,1.5216093669957662,0.2365628719329834,0.040084608739335,"{'C': 100, 'gamma': 'scale', 'kernel': 'poly'}",13.596134900405684,2.468778202332009,44,SVM,Full Dataset
1.0229021072387696,0.0331474109788859,0.2000111103057861,0.0061565015263698,"{'C': 0.01, 'gamma': 'auto', 'kernel': 'poly'}",13.699523409268958,1.5524460247743432,45,SVM,Full Dataset
1.066626739501953,0.1320020132747293,0.1833982944488525,0.0082349976327872,"{'C': 0.001, 'gamma': 'scale', 'kernel': 'poly'}",14.420090524857857,1.763235621895821,48,Random Forest,Subset Dataset
0.9500781536102296,0.0647619316241695,0.1721694469451904,0.0117043346358109,"{'C': 0.001, 'gamma': 'auto', 'kernel': 'poly'}",14.423099535856034,1.7716582733798982,49,Random Forest,Subset Dataset
1.175691270828247,0.0762268305076843,0.5622848987579345,0.0302012094691651,"{'C': 0.01, 'gamma': 'auto', 'kernel': 'rbf'}",14.558532462516798,1.876274953699497,50,Random Forest,Subset Dataset
1.159190797805786,0.0724969372667354,0.56619873046875,0.034581000706116,"{'C': 0.01, 'gamma': 'scale', 'kernel': 'rbf'}",14.558724505045888,1.8779879346612296,51,Random Forest,Subset Dataset
1.2139811515808103,0.0228420968517806,1.265135669708252,1.3027861326019523,"{'C': 0.01, 'gamma': 'auto', 'kernel': 'rbf'}",14.789938662260514,1.9005966977009527,46,SVM,Full Dataset
1.3108193397521972,0.0365768517053568,1.2873725414276125,1.2778807366627274,"{'C': 0.01, 'gamma': 'scale', 'kernel': 'rbf'}",14.825859187413531,1.9105752935020557,47,SVM,Full Dataset
1.0135877132415771,0.0225273943605621,0.198141860961914,0.0040241750173465,"{'C': 0.001, 'gamma': 'scale', 'kernel': 'poly'}",15.0922903185563,1.8081968848661656,48,SVM,Full Dataset
1.5070253372192384,0.1211289601435826,0.263754653930664,0.0235316648017909,"{'C': 0.001, 'gamma': 'scale', 'kernel': 'sigmoid'}",15.178432256060644,1.898598917021116,52,Random Forest,Subset Dataset
1.388661003112793,0.0912839056049075,0.2495995044708251,0.0171421901963577,"{'C': 0.001, 'gamma': 'auto', 'kernel': 'sigmoid'}",15.178530129890872,1.8995125489669609,53,Random Forest,Subset Dataset
1.0215643882751464,0.0381299363097063,0.1945411205291748,0.0043180213051109,"{'C': 0.001, 'gamma': 'auto', 'kernel': 'poly'}",15.198985189508916,1.8519842973989584,49,SVM,Full Dataset
1.3012693405151368,0.0420133759295757,0.2785393714904785,0.0294007085845144,"{'C': 0.001, 'gamma': 'scale', 'kernel': 'sigmoid'}",15.271543356429104,1.8921896986712576,50,SVM,Full Dataset
1.3101503372192382,0.1051551338517893,0.2545045852661133,0.0097519987338705,"{'C': 0.001, 'gamma': 'auto', 'kernel': 'sigmoid'}",15.29096980122794,1.8973061722680515,51,SVM,Full Dataset
0.0185962677001953,0.0145906510349272,0.0036008834838867,0.0004904111818827,{'alpha': 10},15.305523635849738,2.1707455430041667,5,Lasso Regression,Full Dataset
0.0185962677001953,0.0145906510349272,0.0036008834838867,0.0004904111818827,{'alpha': 10},15.305523635849738,2.1707455430041667,5,Lasso Regression,Full Dataset
1.2400456428527833,0.0890493794438068,0.6205870628356933,0.0884351679167325,"{'C': 0.001, 'gamma': 'auto', 'kernel': 'rbf'}",15.49900842207391,1.9113378929564293,54,Random Forest,Subset Dataset
1.2024415016174317,0.0374873466111132,0.5799995422363281,0.0369637144860361,"{'C': 0.001, 'gamma': 'scale', 'kernel': 'rbf'}",15.499026163687038,1.9116025124867584,55,Random Forest,Subset Dataset
1.204969310760498,0.0446499387452264,1.266911554336548,1.286811053612594,"{'C': 0.001, 'gamma': 'auto', 'kernel': 'rbf'}",15.5416036692952,1.9109666459671408,52,SVM,Full Dataset
1.2355484008789062,0.0311157958302042,0.6286213874816895,0.040120156480608,"{'C': 0.001, 'gamma': 'scale', 'kernel': 'rbf'}",15.546201035891716,1.912122573561519,53,SVM,Full Dataset
141.3353264808655,16.641407676822418,0.15730562210083,0.0473056621127031,"{'C': 1000, 'gamma': 'auto', 'kernel': 'poly'}",20.00047805581776,4.888135448751028,54,SVM,Full Dataset
184.3548604011536,18.07542780032244,0.1467999458312988,0.0323092642802879,"{'C': 1000, 'gamma': 'scale', 'kernel': 'poly'}",21.23337565510699,6.120201324846766,55,SVM,Full Dataset
1.4297032833099366,0.1504400019934717,0.2650128364562988,0.0072447377488426,"{'C': 1, 'gamma': 'auto', 'kernel': 'sigmoid'}",35.93157058626485,6.156596078214291,56,SVM,Full Dataset
1.4366673946380617,0.1955150313953748,0.289601469039917,0.0338624808812534,"{'C': 1, 'gamma': 'scale', 'kernel': 'sigmoid'}",45.50638391820883,7.131971902573466,57,SVM,Full Dataset
1.341304874420166,0.0991124733681915,0.2683472633361816,0.0286980137488071,"{'C': 1, 'gamma': 'auto', 'kernel': 'sigmoid'}",100.1252516306905,5.815079674441668,56,Random Forest,Subset Dataset
1.2189534187316895,0.05413733444085,0.2362026214599609,0.0111235305195706,"{'C': 1, 'gamma': 'scale', 'kernel': 'sigmoid'}",100.19803912921569,6.523098570105034,57,Random Forest,Subset Dataset
1.479409885406494,0.1733421617711647,0.3001810550689697,0.0527939750400624,"{'C': 10, 'gamma': 'auto', 'kernel': 'sigmoid'}",419.3064082886285,49.10738069106739,58,SVM,Full Dataset
1.5898685455322266,0.2557096024763062,0.3289969444274902,0.0689807077353778,"{'C': 10, 'gamma': 'scale', 'kernel': 'sigmoid'}",473.1200782951112,67.64417428014961,59,SVM,Full Dataset
1.406462287902832,0.1691169740072059,0.2636000156402588,0.0268140880599043,"{'C': 10, 'gamma': 'auto', 'kernel': 'sigmoid'}",995.5748102775648,49.70491859345304,58,Random Forest,Subset Dataset
1.302813673019409,0.0906557525513901,0.2596002101898193,0.0236173399714033,"{'C': 10, 'gamma': 'scale', 'kernel': 'sigmoid'}",996.8222722785988,56.68640002165638,59,Random Forest,Subset Dataset
1.4036686420440674,0.110599876092206,0.2617135047912597,0.0092677696774966,"{'C': 100, 'gamma': 'auto', 'kernel': 'sigmoid'}",4187.710436057297,474.24683962511887,60,SVM,Full Dataset
1.3158008098602294,0.0529341107170199,0.2857726097106933,0.0382251497676128,"{'C': 100, 'gamma': 'scale', 'kernel': 'sigmoid'}",4328.790908629699,836.7813660267423,61,SVM,Full Dataset
1.4375288009643554,0.1233017228255414,0.2648017883300781,0.0226469661220077,"{'C': 100, 'gamma': 'auto', 'kernel': 'sigmoid'}",9942.334190494765,486.1120157642497,60,Random Forest,Subset Dataset
1.310100269317627,0.1060141503899834,0.2542969226837158,0.0177632541459656,"{'C': 100, 'gamma': 'scale', 'kernel': 'sigmoid'}",9948.735429108445,553.3492592542422,61,Random Forest,Subset Dataset
1.2563813209533692,0.0269708166551642,0.2591104984283447,0.014997367539313,"{'C': 1000, 'gamma': 'auto', 'kernel': 'sigmoid'}",41771.70020647724,4709.389716623227,62,SVM,Full Dataset
1.2405998229980468,0.0077944707042591,0.2454884529113769,0.0019878012788239,"{'C': 1000, 'gamma': 'scale', 'kernel': 'sigmoid'}",45194.56469426637,9904.316849851264,63,SVM,Full Dataset
1.4603334426879884,0.1476217466374376,0.2851168155670166,0.0390100074095702,"{'C': 1000, 'gamma': 'auto', 'kernel': 'sigmoid'}",99411.14296977397,4849.124157240299,62,Random Forest,Subset Dataset
1.5340571880340577,0.1270287654984839,0.2763901233673095,0.0283829743387171,"{'C': 1000, 'gamma': 'scale', 'kernel': 'sigmoid'}",99495.07656073647,5502.864210310373,63,Random Forest,Subset Dataset
